{
  "version": 1,
  "author": "สุภิญญา หวู",
  "editor": "wokwi",
  "parts": [
    {
      "type": "wokwi-pi-pico",
      "id": "pico",
      "top": 280.57,
      "left": -97.66,
      "rotate": 90,
      "attrs": {}
    },
    { "type": "wokwi-ili9341", "id": "lcd1", "top": -41.27, "left": -178.67, "attrs": {} },
    {
      "type": "wokwi-pushbutton",
      "id": "btn1",
      "top": 273.69,
      "left": 29.65,
      "attrs": { "color": "red", "label": "HOMEPAGE" }
    },
    {
      "type": "wokwi-pushbutton",
      "id": "btn2",
      "top": 500.95,
      "left": -237.82,
      "attrs": { "color": "black", "label": "1" }
    },
    {
      "type": "wokwi-pushbutton",
      "id": "btn3",
      "top": 499.75,
      "left": -137.08,
      "attrs": { "color": "black", "label": "2" }
    },
    {
      "type": "wokwi-pushbutton",
      "id": "btn4",
      "top": 499.15,
      "left": -35.14,
      "attrs": { "color": "black", "label": "3" }
    },
    {
      "type": "wokwi-pushbutton",
      "id": "btn5",
      "top": 496.75,
      "left": 62,
      "attrs": { "color": "black", "label": "4" }
    }
  ],
  "connections": [
    [ "lcd1:VCC", "pico:3V3", "red", [ "v46.9", "h-84.71", "v155.65", "h181.51" ] ],
    [ "lcd1:GND", "pico:GND.4", "black", [ "v56", "h-40.19" ] ],
    [ "lcd1:CS", "pico:GP13", "orange", [ "v63.18", "h-38.3" ] ],
    [ "lcd1:SCK", "pico:GP10", "yellow", [ "v71.8", "h-47.49" ] ],
    [ "lcd1:MISO", "pico:GP12", "blue", [ "v73.24", "h-86.32" ] ],
    [ "lcd1:MOSI", "pico:GP11", "violet", [ "v44.98", "h-44.59" ] ],
    [ "lcd1:D/C", "pico:GP9", "green", [ "v54.91", "h-12.08" ] ],
    [ "btn1:1.r", "pico:GP2", "green", [ "v-14.22", "h-101.01" ] ],
    [ "btn1:2.r", "pico:3V3", "red", [ "h0.31", "v147.88", "h-99.92" ] ],
    [ "pico:3V3", "btn2:1.r", "red", [ "v36.46", "h-166.45" ] ],
    [ "pico:3V3", "btn3:1.r", "red", [ "v45.46", "h-66.91" ] ],
    [ "pico:3V3", "btn4:1.r", "red", [ "v28.07", "h33.83" ] ],
    [ "pico:3V3", "btn5:1.r", "red", [ "v45.46", "h104.59" ] ],
    [ "btn2:2.l", "pico:GP16", "green", [ "h-23.4", "v-69.03", "h104.34" ] ],
    [ "btn3:2.l", "pico:GP17", "green", [ "h-20.39", "v-56.43", "h7.2" ] ],
    [ "btn4:2.l", "pico:GP18", "green", [ "h-16.79", "v-49.24", "h-77.36" ] ],
    [ "btn5:2.l", "pico:GP19", "green", [ "h-14.99", "v-95.41", "h-163.71" ] ]
  ]
}